[
  {
    "name":"Sivi",
    "subtitle":"Adventurer",
    "description":"",
    "sprite":{
      "name":"gallery_3152_33_601.png",
      "spriteIndex":0,
      "dir":0,
      "step":0
    },
    "face":{
      "faceset":"sys/mackie/face_m01a_1.png",
      "faceX":3,
      "faceY":1
    },
    "initLevel":1,
    "maxLevel":50,
    "charClass":0,
    "progressions":{
      "exp":{
        "base":300.0,
        "perLevel":100.0
      },
      "mhp":{
        "base":50.0,
        "perLevel":10.0
      },
      "mmp":{
        "base":20.0,
        "perLevel":4.0
      },
      "atk":{
        "base":10.0,
        "perLevel":2.5
      },
      "spd":{
        "base":10.0,
        "perLevel":2.0
      },
      "mag":{
        "base":10.0,
        "perLevel":1.5
      },
      "arm":{
        "base":10.0,
        "perLevel":2.5
      },
      "mre":{
        "base":10.0,
        "perLevel":2.0
      }
    },
    "startingEquipment":[
      
    ],
    "equipFixed":[
      
    ]
  },
  {
    "name":"Rick",
    "subtitle":"Healer",
    "description":"",
    "sprite":{
      "name":"gallery_3152_33_601.png",
      "spriteIndex":0,
      "dir":0,
      "step":0
    },
    "face":{
      "faceset":"sys/mackie/face_m01a_1.png",
      "faceX":3,
      "faceY":1
    },
    "initLevel":1,
    "maxLevel":50,
    "charClass":1,
    "progressions":{
      "exp":{
        "base":300.0,
        "perLevel":100.0
      },
      "mhp":{
        "base":45.0,
        "perLevel":9.0
      },
      "mmp":{
        "base":40.0,
        "perLevel":6.0
      },
      "atk":{
        "base":10.0,
        "perLevel":1.3
      },
      "spd":{
        "base":9.0,
        "perLevel":1.5
      },
      "mag":{
        "base":10.0,
        "perLevel":2.5
      },
      "arm":{
        "base":8.0,
        "perLevel":1.5
      },
      "mre":{
        "base":20.0,
        "perLevel":4.0
      }
    },
    "startingEquipment":[
      
    ],
    "equipFixed":[
      
    ]
  }
]